title	id	price	condition	availability	channel	feed label	language	additional image link	all clicks	brand	description	google product category	identifier exists	image link	included destination	link	mpn	product type	return policy label	shipping(country)	shipping label	update type
Stainless Steel Silver Mounted Letters	3aabacf8-52a7-485c-b3aa-a6f5d99c6bfa	150.00 AED	new	in stock	Online	AE	en	https://shopping.googleusercontent.com/image?q=AJqGhtWhjreByHHiwkytJaTSWGiYmVLKiJiHJpyF735oRyxZSEyhiHXVClHNdCg5V9CYFNFYoq3PuSzQ9fNv,https://shopping.googleusercontent.com/image?q=AJqGhtWlN6SpPa9pHamZR6mYxFTUkFiu4P5EuVqblnQcohynkbT8xcC8ueqAQFvUFUK_V9M_UX2RkL9ix_qc,https://shopping.googleusercontent.com/image?q=AJqGhtWF63nBFHPlKC5Uen9mrhNqSgQ76uRoxnpNWITE90Lybgv2NJtya8244qCV55VT94tY8m8ou_GSvBJG,https://shopping.googleusercontent.com/image?q=AJqGhtUul4RIAGaIc0ftqtusKCPdBYZOWgp_	0	A3 Signs	"Elevate your brand with our premium custom-made stainless steel silver mounted letters.

Crafted with precision and a high-quality finish.

Starting from AED 150

Final pricing varies based on size, material finish, and order quantity.

Contact us today for a personalized quote tailored to your design and installation needs."	976	no	https://shopping.googleusercontent.com/image?q=AJqGhtVpfqtHknoBC2c-QdvfLoOnZ_CnRKWB6G2dXEqN7W9VFM_eFIJNgu09AOzF4oPh_6zWjXkfdEjMHxDp	Free listings	https://sites.google.com/view/a3signsllc/stainless-steel-silver-mounted-letters	SS-SLR-150	3D Mounted Custom Letter	Return Policy: Custom items only returnable if damaged or defective within 7 days.	AE	Delivery: Available across the UAE. Timeline varies by order size and customization.	merge
Stainless Steel Thin Trim Cap Letters	79b457ca-fc1b-48aa-8efb-67ffcd3e0c34	150.00 AED	new	in stock	Online	AE	en	https://shopping.googleusercontent.com/image?q=AJqGhtUy8MevO2D3I3v0lKaje7wsxQShT-H_BdSYHTu_hDS4sJHSGzT5IhERUr1HuJIvuOMWz0qfBU6uznNG,https://shopping.googleusercontent.com/image?q=AJqGhtX1TN4ETac3SwgVrPEXN_U3p0rCBjY7SjZrIlmcqm3c-o054enLHv9rMSWcsus6GC56WLPK3z1kuhTs,https://shopping.googleusercontent.com/image?q=AJqGhtVCmJkU4DXgYC4NAkxKQBsAaY0X4BlijWNeN7islhoDQuulRYIumcqqJ8oGxTVA3EajFwlShjbH3frj,https://shopping.googleusercontent.com/image?q=AJqGhtUkj01jnj4O4IqUVzxl5Gwj9ktLkAH-PDxq5Tg9pGIw6xc7Vqkxia-1g4Ux17H5MXZfAkfj3rymioX_,https://shopping.googleusercontent.com/image?q=AJqGhtVfK3aO9srO1rOL9y0mrmStRRMJbYeClqSKTJKGTtJSrtQuzDIKB67rymWNKoANYy1dF8x_5C4eOcYM	0		"Elevate your brand with our premium custom-made stainless steel thin trim cap letters.

Crafted with precision and a high-quality finish.

Starting from AED 150

Final pricing varies based on size, material finish, and order quantity.

Contact us today for a personalized quote tailored to your design and installation needs."	976	no	https://shopping.googleusercontent.com/image?q=AJqGhtUSeIIyw2NIss-oW1-0nviGBoXEwYZH4CPQbpOG2KlL0Dasl5CNOsUrlhATcGBa8aNQDaXNmyEGfkmy	Free listings	https://sites.google.com/view/a3signsllc/stainless-steel-thin-trim-cap-letters	SS-TTC-150	3D Mounted Custom Letter	*Return Policy: Custom items only returnable if damaged or defective within 7 days	AE	Delivery: Available across the UAE. Timeline varies by order size and customization.	merge
Stainless Steel Golden Mounted Letters	92eee615-9397-4aea-a4c8-2d00c415a0c7	150.00 AED		in stock	Online	AE	en	https://shopping.googleusercontent.com/image?q=AJqGhtUhsVHObEDP6QbDw8gpUf58eh_yFBzCBGxDCx6w_PPrrPTzynf_E6ySFuUQA9rHypng6c2-tTQhRyjd,https://shopping.googleusercontent.com/image?q=AJqGhtXdmVZJSgv0pcpA1_fA2NCGMTVhqShkqfiCtePs9qybvgoooru5F7SF0QauhSj8jti6Cgke4Yx-fdwh,https://shopping.googleusercontent.com/image?q=AJqGhtV3w34jyWIsvEny9dkpnR6VFMOYdBG4zUlgQtVfsxj7V4J2cElBIMgKaN91Enq9jxuRM601-JVOGktO,https://shopping.googleusercontent.com/image?q=AJqGhtUul4RIAGaIc0ftqtusKCPdBYZOWgp_	0	A3 Signs	"Elevate your brand with our premium custom-made stainless steel golden mounted letters.

Crafted with precision and a high-quality finish.

Starting from AED 150

Final pricing varies based on size, material finish, and order quantity.

Contact us today for a personalized quote tailored to your design and installation needs."	976	no	https://shopping.googleusercontent.com/image?q=AJqGhtXVculiL7jXddHPt0t6SWtYYfDR2oOnJjERyth3DZaBYUcBcu5IWTras80pDisoUvzPEbApO1u2WVDn	Free listings	https://sites.google.com/view/a3signsllc/stainless-steel-golden-mounted-letters	SS-GLD-150	3D Mounted Custom Letter	Return Policy: Custom items only returnable if damaged or defective within 7 days	AE	Delivery: Available across the UAE. Timeline varies by order size and customization.	merge
Aluminum Powder Coated Letters	cc580593-9a64-4861-93a6-de8baa966412	150.00 AED	new	in stock	Online	AE	en	https://shopping.googleusercontent.com/image?q=AJqGhtVIhJ7vaSLAU74djk5ULWLodzYf6QGc_6YAA8T14fG51ijl3EY5sYlLkb4cZp0NW842INyFD59407O_,https://shopping.googleusercontent.com/image?q=AJqGhtWeuYGZ2HtbaVlt8gski9lXAzjhB2Mydi8BxcdFqgBF7RH6Y_I6epYTQ6q8vDQt7lJUUp9Z0rYfj2hp,https://shopping.googleusercontent.com/image?q=AJqGhtW0NdY7S6ozdQ0fJyIWpOkQMPV6g_VvaHBk6L1rLJlD2tcASwjSMB364rdMisfqskDhPH-mELbTViRW,https://shopping.googleusercontent.com/image?q=AJqGhtX6ttsQC1hzZd7ACDLr4pRmsiLobkmP-XmiZTJeQIsMATbUqi6OVoPs20JW7mArdqKvYOdbBpEDBgl9	0	A 3 Signs	"Elevate your brand with our premium custom-made aluminum powder coated letters.

Crafted with precision and a high-quality finish.

Starting from AED 150

Final pricing varies based on size, material finish, and order quantity.

Contact us today for a personalized quote tailored to your design and installation needs."	976	no	https://shopping.googleusercontent.com/image?q=AJqGhtXhsQHXAo7nciLfcGePI-W-_489RL-tPDgzhKseLCDconJPYeB5bM4HUZJLKVI9Oz26ge-bx3aBhbcS	Free listings	https://sites.google.com/view/a3signsllc/aluminum-powder-coated-letters	ALU-PC-150	Custom 3D Mounted Letter	eturn Policy: Custom items only returnable if damaged or defective within 7 days	AE	Delivery: Available across the UAE. Timeline varies by order size and customization.	merge
